bow,user
bear,PaulNicklen
@paulnicklen,PaulNicklen
sea,PaulNicklen
whale,PaulNicklen
ice,PaulNicklen
polar,PaulNicklen
penguin,PaulNicklen
photograph,PaulNicklen
photo,PaulNicklen
seal,PaulNicklen
assignment,PaulNicklen
antarctica,PaulNicklen
@cmittermeier,PaulNicklen
coast,PaulNicklen
image,PaulNicklen
@sea_legacy,PaulNicklen
ocean,PaulNicklen
@natgeo,PaulNicklen
norway,PaulNicklen
story,PaulNicklen
@kevinhart4real,KevinHart4real
#irresponsibletour,KevinHart4real
movie,KevinHart4real
people,KevinHart4real
#nightschool,KevinHart4real
#comedicrockstarshit,KevinHart4real
#harts,KevinHart4real
u,KevinHart4real
laugh,KevinHart4real
hart,KevinHart4real
tour,KevinHart4real
special,KevinHart4real
#dopepic,KevinHart4real
guy,KevinHart4real
#irresponsible,KevinHart4real
kevin,KevinHart4real
watch,KevinHart4real
netflix,KevinHart4real
school,KevinHart4real
hilarious,KevinHart4real
@profbriancox,ProfBrianCox
@robinince,ProfBrianCox
brexit,ProfBrianCox
universal,ProfBrianCox
tour,ProfBrianCox
ticket,ProfBrianCox
u,ProfBrianCox
people,ProfBrianCox
space,ProfBrianCox
moon,ProfBrianCox
world,ProfBrianCox
year,ProfBrianCox
apollo,ProfBrianCox
@royalsociety,ProfBrianCox
planet,ProfBrianCox
uk,ProfBrianCox
science,ProfBrianCox
show,ProfBrianCox
country,ProfBrianCox
book,ProfBrianCox
tesla,elonmusk
@spacex,elonmusk
@tesla,elonmusk
model,elonmusk
car,elonmusk
launch,elonmusk
falcon,elonmusk
dragon,elonmusk
test,elonmusk
@space_station,elonmusk
@teslarati,elonmusk
spacex,elonmusk
@nasa,elonmusk
solar,elonmusk
@elonmusk,elonmusk
starship,elonmusk
mission,elonmusk
space,elonmusk
autopilot,elonmusk
team,elonmusk
@snowden,Snowden
u,Snowden
snowden,Snowden
edward,Snowden
right,Snowden
government,Snowden
surveillance,Snowden
@ggreenwald,Snowden
nsa,Snowden
people,Snowden
book,Snowden
whistleblower,Snowden
year,Snowden
journalist,Snowden
record,Snowden
@freedomofpress,Snowden
privacy,Snowden
trump,Snowden
@aclu,Snowden
american,Snowden
trump,jeffjarvis
medium,jeffjarvis
people,jeffjarvis
u,jeffjarvis
president,jeffjarvis
@jeffjarvis,jeffjarvis
journalism,jeffjarvis
republican,jeffjarvis
right,jeffjarvis
impeachment,jeffjarvis
@kamalaharris,jeffjarvis
story,jeffjarvis
white,jeffjarvis
trial,jeffjarvis
senate,jeffjarvis
american,jeffjarvis
time,jeffjarvis
@soledadobrien,jeffjarvis
@newmarkjschool,jeffjarvis
vote,jeffjarvis
here,iamjohnoliver
@lastweektonight,iamjohnoliver
u,iamjohnoliver
right,iamjohnoliver
hbo,iamjohnoliver
help,iamjohnoliver
missed,iamjohnoliver
enjoy,iamjohnoliver
voice,iamjohnoliver
brand,iamjohnoliver
season,iamjohnoliver
story,iamjohnoliver
watch,iamjohnoliver
feel,iamjohnoliver
return,iamjohnoliver
trump,iamjohnoliver
promise,iamjohnoliver
happy,iamjohnoliver
tomorrow,iamjohnoliver
america,iamjohnoliver
#sanctum,JimCameron
@jimcameron,JimCameron
@officialavatar,JimCameron
world,JimCameron
watch,JimCameron
u,JimCameron
@suzymusing,JimCameron
year,JimCameron
@deepseaamerica,JimCameron
team,JimCameron
avatar,JimCameron
climate,JimCameron
alita,JimCameron
wife,JimCameron
tweet,JimCameron
#alita,JimCameron
premiere,JimCameron
sub,JimCameron
sequel,JimCameron
check,JimCameron
people,JeremyClarkson
@jeremyclarkson,JeremyClarkson
tour,JeremyClarkson
grand,JeremyClarkson
u,JeremyClarkson
car,JeremyClarkson
jeremy,JeremyClarkson
@mrjamesmay,JeremyClarkson
top,JeremyClarkson
@drivetribe,JeremyClarkson
london,JeremyClarkson
hammond,JeremyClarkson
clarkson,JeremyClarkson
fucking,JeremyClarkson
@richardhammond,JeremyClarkson
james,JeremyClarkson
gear,JeremyClarkson
@thegrandtour,JeremyClarkson
cannot,JeremyClarkson
well,JeremyClarkson
@talksport,JimWhite
club,JimWhite
deal,JimWhite
@manutd,JimWhite
manager,JimWhite
player,JimWhite
@chelseafc,JimWhite
@everton,JimWhite
sign,JimWhite
@rangersfc,JimWhite
fan,JimWhite
@lfc,JimWhite
season,JimWhite
football,JimWhite
@arsenal,JimWhite
contract,JimWhite
@mancity,JimWhite
fee,JimWhite
right,JimWhite
loan,JimWhite
