user,text,location,date,topic
nytpolitics,Some employees of color on Pete Buttigieg's campaign said they felt stressed from having to answer questions from friends and family members about working for a candidate struggling with minority voters https://t.co/jiFt3OsEgC,Washington Bureau,2020-01-28 21:25:08,Politics
nytpolitics,"Britain won't ban equipment by Huawei from its 5G network, the starkest sign that the U.S. campaign against the Chinese technology giant is faltering https://t.co/ECr6egrtEG",Washington Bureau,2020-01-28 20:55:08,Politics
nytpolitics,"Closing out the defense of President Trump in his impeachment trial, Pat Cipollone, the White House counsel, called on senators to “end the era of impeachment” by declaring Trump not guilty https://t.co/BHPlmcx3LU",Washington Bureau,2020-01-28 20:44:42,Politics
nytpolitics,"Two Arizona laws violated the Voting Rights Act by making it harder for minorities to cast ballots, a federal appeals court has ruled. Here's what the decision could mean for the presidential race. https://t.co/G1JpmltVm7",Washington Bureau,2020-01-28 20:25:06,Politics
nytpolitics,"President Trump’s decision to stage one of his rallies in Wildwood, motivated by a desire to support a local congressman who had recently switched parties, upended the usual rhythms of the beach community https://t.co/mREhnc7lLR",Washington Bureau,2020-01-28 19:55:06,Politics
nytpolitics,We photographed the House managers prosecuting President Trump and the legal team defending him. Here's how they view impeachment. https://t.co/TUhqZzX5mA,Washington Bureau,2020-01-28 19:25:07,Politics
nytpolitics,"The State Department will not allow NPR’s diplomatic correspondent on Secretary of State Mike Pompeo’s government airplane for an upcoming trip, which includes a stop in Ukraine https://t.co/Ao1CKqoNNH",Washington Bureau,2020-01-28 18:55:06,Politics
nytpolitics,President Trump’s lawyers are wrapping up their defense in the impeachment trial. Follow along with live video and updates. https://t.co/tXGAwqUyU7,Washington Bureau,2020-01-28 18:25:09,Politics
nytpolitics,"John Kelly, the former chief of staff to President Trump, said that he believed the revelations in John Bolton's upcoming book, and that the Senate should call witnesses in the impeachment trial https://t.co/XHclCvDCsX",Washington Bureau,2020-01-28 18:05:08,Politics
nytpolitics,"A Harvard scientist was charged with making false statements about Chinese funding, part of an F.B.I. effort to root out theft of American research https://t.co/ezoteEKJRJ",Washington Bureau,2020-01-28 17:40:07,Politics
nytpolitics,Rep. Doug Collins is expected to challenge Sen. Kelly Loeffler in this fall’s special election for one of Georgia’s Senate seats https://t.co/WQcpbIfxia,Washington Bureau,2020-01-28 17:10:05,Politics
nytpolitics,President Trump is expected to swoop into India for a full-fledged state visit in late February. A visit would be a welcome distraction for two nationalistic leaders who both face deepening political troubles at home. https://t.co/s7gtrJPwIw,Washington Bureau,2020-01-28 16:40:06,Politics
nytpolitics,President Trump’s lawyers will complete their third and final day of oral arguments on Tuesday. Here's what to expect. https://t.co/KOiOh07nqc,Washington Bureau,2020-01-28 16:10:08,Politics
nytpolitics,"After hours of confusion during which officials had initially identified the plane as a passenger airliner, the United States military said there was no indication that enemy fire had caused the aircraft to crash in Taliban territory https://t.co/m6s1mqUaru",Washington Bureau,2020-01-28 15:40:06,Politics
nytpolitics,"Details in a coming book by the former national security adviser John Bolton are threatening to derail Republican senators’ plans for a speedy acquittal. Listen to today's episode of ""The Daily."" https://t.co/IMB59QOQD8",Washington Bureau,2020-01-28 15:10:04,Politics
nytpolitics,Are you good at paperwork? Take this quiz to see whether you could make the kinds of mistakes that can cost poor families food or health insurance. https://t.co/yEjnpPUv5n,Washington Bureau,2020-01-28 14:40:06,Politics
nytpolitics,"How Sanders can win, calls for Bolton to testify, Warren’s new line: This is your morning tip sheet. https://t.co/pUHexMOCqA",Washington Bureau,2020-01-28 14:30:11,Politics
nytpolitics,"President Trump met with both Prime Minister Benjamin Netanyahu of Israel and his challenger, Benny Gantz, on the eve of releasing a Middle East peace plan in an unusual diplomatic moment https://t.co/0k5nbdwEGW",Washington Bureau,2020-01-28 14:10:06,Politics
nytpolitics,"Former Representative Pete Stark, who in his long legislative career as a Democrat from California helped expand access to health insurance, died on Friday. He was 88. https://t.co/Z3erqjjX61",Washington Bureau,2020-01-28 13:40:07,Politics
nytpolitics,"John Bolton privately told Attorney General William Barr that he had concerns that President Trump was effectively granting personal favors to the autocratic leaders of Turkey and China, according to an unpublished manuscript written by Bolton https://t.co/s2SEd9GwSU",Washington Bureau,2020-01-28 13:20:50,Politics
nytpolitics,The White House and Senate Republican leaders struggled to salvage their plans to push toward a quick acquittal of President Trump after a new account by his former national security adviser corroborated a central piece of the case against him https://t.co/ArkCN6QM3g,Washington Bureau,2020-01-28 13:10:09,Politics
nytpolitics,"President Trump expanded his steel and aluminum tariffs to cover new products, saying the levies had not yet had the intended effect  https://t.co/3uZnGZRRY4",Washington Bureau,2020-01-28 12:45:08,Politics
nytpolitics,"""I was in too much shock to even ask for water."" Since August, at least 16 Iranian students have been turned away at U.S. airports. We talked to some of them about the experience. https://t.co/GznUknEIAT",Washington Bureau,2020-01-28 03:00:15,Politics
nytpolitics,"“Now, I know I’m not the only Jewish candidate running for president,” Michael Bloomberg said, in a nod to Bernie Sanders. “But I am the only one who doesn’t want to turn America into a kibbutz.”  https://t.co/UxFNmGKtEI",Washington Bureau,2020-01-28 02:30:10,Politics
nytpolitics,From John Bolton’s book draft: He says he voiced concerns to William Barr that President Trump was effectively granting personal favors to autocrats. https://t.co/nOT1lpNM2D,Washington Bureau,2020-01-28 02:03:35,Politics
nytpolitics,"A glossary from the Trump impeachment trial: The deliverable, burden sharing, the three Amigos and ""head on a pike,"" among others. https://t.co/xpOxzeU73T",Washington Bureau,2020-01-28 02:00:25,Politics
nytpolitics,"Wolfgang Halbig has falsely accused the parents of children gunned down in Newtown, Conn., of constructing an elaborate hoax to take away Americans' guns. He was arrested in Florida on Monday. https://t.co/LRfR6YQD3q",Washington Bureau,2020-01-28 01:30:14,Politics
nytpolitics,"Criminal defendants often lack expert lawyers at the Supreme Court. Could creating a ""defender general"" level the playing field? https://t.co/poPzfvUyqe",Washington Bureau,2020-01-28 01:10:04,Politics
nytpolitics,New revelations from John Bolton surrounding President Trump's knowledge of pressure on Ukraine did not appear to have changed Senate math or increased the odds that Mr. Bolton could be called to testify https://t.co/MY2jw2OKd1,Washington Bureau,2020-01-28 00:35:08,Politics
nytpolitics,"Pete Buttigieg is the star of the show at his campaign rallies in Iowa, where his crowds are virtually all white. In South Carolina, in front of black audiences, he still needs help telling his story. https://t.co/uMetqi7hX4",Washington Bureau,2020-01-28 00:15:08,Politics
nytpolitics,"Bernie Sanders is threatening to seize control in the early states, taking narrow but clear polling leads in Iowa and New Hampshire and increasingly menacing Joe Biden's advantage in national polls https://t.co/2Aoq9dE7Wm",Washington Bureau,2020-01-28 00:00:20,Politics
nytpolitics,"Paula White, a Florida televangelist and religious adviser to President Trump, defended herself this weekend after a video circulated of her calling for the miscarriage of “satanic pregnancies,” language that she said was taken out of context by critics https://t.co/9P3Dn1Z4ac",Washington Bureau,2020-01-27 23:45:10,Politics
nytpolitics,President Trump said he would release a Middle East peace plan on Tuesday as he welcomed Israeli Prime Minister Benjamin Netanyahu to the White House https://t.co/bOlviBHoQb,Washington Bureau,2020-01-27 23:15:05,Politics
nytpolitics,"By 5 to 4 vote, Supreme Court allowed Trump administration to start enforcing “public charge” wealth test while challenges proceed https://t.co/98901OSt8z",Washington Bureau,2020-01-27 22:45:04,Politics
nytpolitics,"The United States will expand its tariffs to cover products made of steel and aluminum — like nails, tacks, staples, cables, certain types of wire and parts for cars and tractors — as of Feb. 8 https://t.co/cgR6aHgPFy",Washington Bureau,2020-01-27 22:20:05,Politics
nytpolitics,"Here are 6 revelatory moments from the video of President Trump speaking in 2018 to a group of donors at a private dinner, including two businessmen at the center of the impeachment inquiry https://t.co/DDUt0xyD8t",Washington Bureau,2020-01-27 22:00:22,Politics
nytpolitics,Younger voters are likelier than older voters to say they will participate in the Democratic caucus. That is good news for Bernie Sanders. But not for Joe Biden. https://t.co/62Olp7DUhK,Washington Bureau,2020-01-27 21:30:12,Politics
nytpolitics,"Susan Collins, one of the most closely watched swing votes on calling witnesses, said in a statement that new revelations from John Bolton, “strengthen the case for witnesses” in President Trump’s impeachment trial https://t.co/PSk6JL1WKZ",Washington Bureau,2020-01-27 21:00:16,Politics
nytpolitics,No other Democrat in the 2020 field attracts supporters more dedicated to defending their candidate than Bernie Sanders. But the power of his internet army is alarming to those caught in its crosshairs. https://t.co/JIhTcOCHrz,Washington Bureau,2020-01-27 20:30:12,Politics
nytpolitics,South Dakota lawmakers could impose criminal penalties on doctors who provide certain treatments to transgender teenagers https://t.co/hUwKU38mvj,Washington Bureau,2020-01-27 20:05:08,Politics
nytpolitics,"In an op-ed, William Taylor, the former top American diplomat in Ukraine, took issue with Mike Pompeo for reportedly questioning whether Americans care about that country  https://t.co/7PiSE8UnzE",Washington Bureau,2020-01-27 19:40:04,Politics
nytpolitics,“I don’t know if I trust anybody right now.” Top republicans appeared angry at the White House over revelations about a manuscript submitted for review by John Bolton https://t.co/bnuBE5xNYR,Washington Bureau,2020-01-27 19:20:06,Politics
nytpolitics,"Prime Minister Benjamin Netanyahu of Israel returns this week to the White House, where President Trump is expected to lay out the details of a Middle East peace plan that is 3 years in the making https://t.co/jcwY7Ree5v",Washington Bureau,2020-01-27 19:01:05,Politics
nytpolitics,"In this battleground state, Democrats fear an anti-fracking candidate will hand the election to President Trump https://t.co/DYjQoGVtwj",Washington Bureau,2020-01-27 18:40:09,Politics
nytpolitics,"News Analysis: At first glance, at least, John Bolton’s account of President Trump’s private remarks sounds like an echo of the so-called smoking gun tape that proved President Nixon orchestrated Watergate https://t.co/zfbVhigd1Z",Washington Bureau,2020-01-27 18:10:06,Politics
nytpolitics,"As members of Manhattan’s wealthy elite for decades, Michael Bloomberg and Donald Trump, while never friends, sometimes crossed paths. Both men now play down any moments of bonhomie from their past. https://t.co/rDQy1jIpcR",Washington Bureau,2020-01-27 17:45:03,Politics
nytpolitics,President Trump denied his former national security adviser John Bolton's firsthand account that he tied military aid for a foreign ally to his own personal agenda. Bolton's account directly undercuts Trump's defense in his impeachment trial. https://t.co/jxhUdTL7QN,Washington Bureau,2020-01-27 17:22:02,Politics
nytpolitics,"Several Republican senators angrily called the White House trying to determine who knew about John Bolton’s book manuscript, which aides there have had for several weeks https://t.co/a6rXoaJ2Ug",Washington Bureau,2020-01-27 17:02:04,Politics
nytpolitics,Senator Mitt Romney said revelations from John Bolton’s book made it “increasingly likely that other Republicans” would push for Bolton's testimony in President Trump's impeachment trial https://t.co/tCDCebYqTH,Washington Bureau,2020-01-27 16:37:03,Politics
nytpolitics,"Before the Iowa caucuses, we sat down with the 2020 Democratic presidential candidates (again) to ask 20 questions on President Trump, foreign policy, celebrity crushes and more. https://t.co/h6jizwYHWf",Washington Bureau,2020-01-27 16:14:06,Politics
nytpolitics,"The last time Michael Bloomberg and President Trump spoke, a few days after Trump was elected, Bloomberg advised him to “hire a lot of people smarter than you.”

“Mike,” Trump replied, “there is no one smarter than me.” https://t.co/Eg6ReqlgnK",Washington Bureau,2020-01-27 15:44:07,Politics
nytpolitics,News Analysis: Republicans want to cast President Trump’s impeachment as a narrow argument over aid to Ukraine. Democrats want to describe it as part of a broader struggle with Russia. https://t.co/Vqaja0dEvM,Washington Bureau,2020-01-27 15:22:07,Politics
nytpolitics,"New revelations from John Bolton, the former White House national security adviser, could complicate President Trump’s impeachment trial. Here are the key takeaways. https://t.co/nZyPgHhddB",Washington Bureau,2020-01-27 14:52:01,Politics
nytpolitics,Alan Dershowitz and Ken Starr are just part of the team of 8 lawyers defending President Trump in the Senate impeachment trial. Here's a look at his full legal team: https://t.co/FDpzNi7h1Y,Washington Bureau,2020-01-27 14:22:04,Politics
nytpolitics,A heated dispute over the use of the word “torture” erupted at the pretrial hearings for accused conspirators in the Sept. 11 attacks  https://t.co/02jE7OEOVh,Washington Bureau,2020-01-27 13:22:04,Politics
nytpolitics,"“I think it’s intended to be,” replied Rep. Adam Schiff, the lead House impeachment manager, when asked about President Trump's tweet attacking him https://t.co/MQVlA06FNg",Washington Bureau,2020-01-27 12:51:04,Politics
nytpolitics,"700,000 people across the U.S. are set to be dropped from food-stamp rolls under new Trump administration rules. Cities and counties are bracing for the fallout. https://t.co/nRbE3xk3Mb",Washington Bureau,2020-01-27 12:22:03,Politics
nytpolitics,"Welcome to On Politics, our new morning tip sheet. Sign up here to get it in your inbox: https://t.co/VJBzzKvflv

Today: Iowa countdown, our Bolton scoop, a big endorsement and more. https://t.co/ZYAhFb6Wyf",Washington Bureau,2020-01-27 12:10:24,Politics
nytpolitics,“Get rid of her.” Listen to President Trump order an ambassador fired while dining with key players in the Ukraine affair whom he’s denied knowing. https://t.co/llmiixFrGB,Washington Bureau,2020-01-27 01:52:01,Politics
nytpolitics,"Voting starts in the 2020 U.S. presidential primary in just 8 days. Here's our guide to how it all works, what's at stake, and who's leading the race now. https://t.co/HNhAul6oiV",Washington Bureau,2020-01-27 01:38:05,Politics
nytpolitics,The star witnesses of last November’s House impeachment proceedings were resurrected last week in the Senate by the House Democrats presenting their case for convicting the president https://t.co/lzbInK48rJ,Washington Bureau,2020-01-27 01:09:03,Politics
nytpolitics,"For Iowans with disabilities, the 2016 caucuses were a nightmare. Here's what happened to some of them, and why 2020 may not be much better.
 https://t.co/TeTtbcLoj6",Washington Bureau,2020-01-27 00:38:07,Politics
nytpolitics,"Fact Check: Former vice president Joe Biden has made inaccurate claims this month about his record on Social Security, race and foreign policy. https://t.co/MKZ4kbVBg0",Washington Bureau,2020-01-27 00:08:02,Politics
nytpolitics,"Senator Lamar Alexander, a Republican from Tennessee, is retiring at the end of this year. In the White House, he's considered a wild card in President Trump's impeachment trial. https://t.co/MxaoBtdGXD",Washington Bureau,2020-01-26 23:38:04,Politics
nytpolitics,"“We talked to other candidates and told them the formula,” said Johnnie Cordero, the chairman of South Carolina's Democratic black caucus. “Tom Steyer is the one who did it.” https://t.co/jiV8qty0G2",Washington Bureau,2020-01-26 23:08:08,Politics
nytpolitics,"President Trump directly tied the withholding of military aid to investigations that he sought from Ukrainian officials, according to an unpublished manuscript of a book written by John Bolton, Trump’s former national security adviser https://t.co/hqnbWFZl53",Washington Bureau,2020-01-26 23:06:14,Politics
nytpolitics,"Whether the Senate will vote to call witnesses is one of the biggest unanswered questions in President Trump's impeachment trial. If senators did vote to do so, he may not be able to block or delay a willing witness. @charlie_savage explains:  https://t.co/lTcRyJcWwu",Washington Bureau,2020-01-26 22:38:06,Politics
nytpolitics,"Joe Biden has now been endorsed by 2 of Iowa's Democrats in Congress. The latest: Rep. Cindy Axne, a freshman who flipped a district that President Trump carried in 2016. https://t.co/9LKLOTWf5u",Washington Bureau,2020-01-26 22:08:02,Politics
nytpolitics,"Bernie Sanders has opened up a lead in Iowa in the race for the Democratic presidential nomination, a New York Times/Siena College poll of likely caucusgoers found https://t.co/irwTRMTd3c",Washington Bureau,2020-01-26 21:38:07,Politics
nytpolitics,"U.S. Secretary of State Mike Pompeo on Saturday responded to an NPR account that he lashed out after an interview and challenged a reporter to find Ukraine on a map. “It is worth noting that Bangladesh is NOT Ukraine,"" he said at the end of his statement. https://t.co/yIoWAAkzVB",Washington Bureau,2020-01-26 21:08:03,Politics
nytpolitics,A heated dispute over the use of the word “torture” erupted at the pretrial hearings for accused conspirators in the Sept. 11 attacks  https://t.co/gG3VRIHNvN,Washington Bureau,2020-01-26 20:38:05,Politics
nytpolitics,"“I think it’s intended to be,” replied Rep. Adam Schiff, the lead House impeachment manager, when asked about President Trump's tweet attacking him https://t.co/qL1voXBaH4",Washington Bureau,2020-01-26 20:11:13,Politics
nytpolitics,"700,000 people across the U.S. are set to be dropped from food-stamp rolls under new Trump administration rules. Cities and counties are bracing for the fallout. https://t.co/Rc5fvLHIMt",Washington Bureau,2020-01-26 19:07:08,Politics
nytpolitics,Alan Dershowitz and Ken Starr are just part of the team of 8 lawyers defending President Trump in the Senate impeachment trial. Here's a look at his full legal team: https://t.co/U9KJN71cER,Washington Bureau,2020-01-26 18:36:09,Politics
nytpolitics,"Democrats wrapped up their case against President Trump with a warning: ""He is a dictator. This must not stand."" Republicans appeared unmoved. https://t.co/0KuHROGVBh",Washington Bureau,2020-01-26 18:08:06,Politics
nytpolitics,"News Analysis: While Democrats and Republicans debate whether he should be convicted and removed from office, the president offered up an alternative menu of events and priorities, @peterbakerNYT writes https://t.co/b3lnv1bzny",Washington Bureau,2020-01-26 17:38:07,Politics
nytpolitics,The Iowa caucuses just over a week away. Here are 7 things to know from this week on the campaign trail. https://t.co/AD9hGrog8j,Washington Bureau,2020-01-26 17:06:04,Politics
nytpolitics,In a week of protests from women's march to gun rally to anti-abortion rally: Activists reflect a kind of cultural panic at the thought of the other side winning the election this year. https://t.co/04r4hlJgqO,Washington Bureau,2020-01-26 16:08:11,Politics
nytpolitics,"In an extraordinary statement, Secretary of State Mike Pompeo criticized a veteran NPR reporter, Mary Louise Kelly, and said the news media was “unhinged” https://t.co/cvFCb2IfeK",Washington Bureau,2020-01-26 15:36:07,Politics
nytpolitics,"“They’re asking you to tear up all of the ballots."" Responding for the first time to 3 days of arguments for removing President Trump from office, his defense team fired back on Saturday, attacking his Democratic accusers as partisan witch-hunters. https://t.co/rfuTKMdYow",Washington Bureau,2020-01-26 15:06:04,Politics
nytpolitics,"""I was in too much shock to even ask for water."" Since August, at least 16 Iranian students have been turned away at U.S. airports. We talked to some of them about the experience. https://t.co/WT6rzxpXuv",Washington Bureau,2020-01-26 14:36:04,Politics
nytpolitics,“Get rid of her.” Listen to President Trump order an ambassador fired while dining with key players in the Ukraine affair whom he’s denied knowing. https://t.co/027FIY67iQ,Washington Bureau,2020-01-26 14:06:01,Politics
nytpolitics,In a week of protests from women's march to gun rally to anti-abortion rally: Activists reflect a kind of cultural panic at the thought of the other side winning the election this year. https://t.co/b3eaaN2LhL,Washington Bureau,2020-01-25 15:40:07,Politics
nytpolitics,"Democrats remain split across generational, racial and ideological lines, prompting some liberals to express reluctance about rallying behind a moderate and those closer to the center voicing unease with a progressive standard-bearer https://t.co/Kj74zEAGPO",Washington Bureau,2020-01-25 14:26:01,Politics
nytpolitics,"While the Senate verdict on impeachment could come soon, the public judgment will not be rendered until November https://t.co/M3AiCve7Et",Washington Bureau,2020-01-25 03:45:05,Politics
nytpolitics,"Adam Schiff, a California Democrat who steered the impeachment inquiry into the president, became a viral sensation with his impassioned speeches at the impeachment trial https://t.co/iLMXLd4yID",Washington Bureau,2020-01-25 03:15:09,Politics
nytpolitics,"“He shouted at me for about the same amount of time as the interview itself had lasted,” said Mary Louise Kelly of NPR https://t.co/JTNLmG4OLR",Washington Bureau,2020-01-25 02:45:09,Politics
nytpolitics,"Democrats wrapped up their case against President Trump with a warning: ""He is a dictator. This must not stand."" Republicans appeared unmoved.
https://t.co/2MmJNtxCeA",Washington Bureau,2020-01-25 02:15:24,Politics
nytpolitics,The Trump administration is cracking down on illicit goods like fake Louis Vuitton bags and fentanyl as a way to monitor China's compliance with a partial trade deal reached this month https://t.co/Ms4h4XKlAB,Washington Bureau,2020-01-25 01:40:04,Politics
nytpolitics,Should Bernie Sanders' campaign promote Joe Rogan's endorsement? Some have called out the podcast host for racist and transphobic remarks but he holds sway among a bloc many Democrats want to tap into. https://t.co/7LZcbZE55e,Washington Bureau,2020-01-24 23:30:08,Politics
nytpolitics,A 2018 recording of President Trump ordering the dismissal of the U.S. ambassador to Ukraine was turned over to congressional Democrats https://t.co/xCKZUm0ZPQ,Washington Bureau,2020-01-24 23:29:09,Politics
nytpolitics,"Why do we have so much trouble referring to a president as ""she""? A new study highlights the sneaky ways language illuminates bias. https://t.co/17OTVxyh1P",Washington Bureau,2020-01-24 23:15:01,Politics
nytpolitics,"Vice President Mike Pence, on a trip to Israel and Italy, was asked about the leaked audio of President Trump saying ""take her out,"" apparently referring to Marie Yovanovitch. He said it confirmed only ""that the president had concerns."" https://t.co/qJmR4smFG2",Washington Bureau,2020-01-24 22:45:09,Politics
nytpolitics,"President Trump's advisers warned the commission behind the presidential debates that he may not participate if the process is not ""fair,"" and floated finding an outside firm to host the debates instead https://t.co/n4gCQ7PNlB",Washington Bureau,2020-01-24 22:10:06,Politics
nytpolitics,The Trump administration is threatening to cut off certain health funds to California unless it drops a requirement that all private health plans in the state cover abortion https://t.co/R99Qfbd5Lh,Washington Bureau,2020-01-24 21:35:06,Politics
nytpolitics,Demonstrators flooded the National Mall on Friday morning in anticipation of a historic moment for the anti-abortion movement: the first sitting president to address the annual March for Life in person https://t.co/tSd7j6UOqc,Washington Bureau,2020-01-24 20:58:03,Politics
nytpolitics,"As the Democratic primary grows more heated, some party officials are increasingly anxious about whether they’ll present a unified front against President Trump in the fall https://t.co/PtHwFpVxkm",Washington Bureau,2020-01-24 20:26:02,Politics
nytpolitics,"34 American troops suffered traumatic brain injuries after Iran's strikes on a U.S. base in Iraq this month, the Pentagon said. President Trump had dismissed them as “headaches.” https://t.co/DEqbz1NTGK",Washington Bureau,2020-01-24 20:01:05,Politics
nytpolitics,"A recording of President Trump saying “take her out,” in an apparent reference to the American ambassador to Ukraine, Marie Yovanovitch, has emerged, ABC News reported https://t.co/y62BILPQ7H",Washington Bureau,2020-01-24 19:30:23,Politics
nytpolitics,"It's an open question who will win the Iowa caucuses -- and what constitutes a ""win"" may be in dispute. But polling offers a few hints.   https://t.co/PkjKkyur0J",Washington Bureau,2020-01-24 18:31:06,Politics
nytpolitics,Opening arguments in the impeachment trial have resumed. Follow along with live updates. https://t.co/2SZxKEFTe1,Washington Bureau,2020-01-24 18:16:44,Politics
nytpolitics,"“I feel like this year everyone has been talking about how Iowa is super-white, but it’s really not super-white to me,” said Vanessa Marcano-Kelly, who petitioned the state Democratic Party to create caucus sites in Spanish. “I see Latinos everywhere.” https://t.co/KRAsQruJy7",Washington Bureau,2020-01-24 18:03:06,Politics
nytpolitics,"The House managers will complete their opening arguments on Friday in the case against President Trump. They plan to focus on the second article of impeachment, obstruction of the impeachment inquiry. https://t.co/ZnBx7wZlZg",Washington Bureau,2020-01-24 17:31:09,Politics
nytpolitics,"To get ready for primary season, take a look at our cheat sheet on the race https://t.co/4M4pOJZuZO",Washington Bureau,2020-01-24 17:01:03,Politics
nytpolitics,"President Trump complained that his lawyers would begin his defense on Saturday, a day the president said in the world of television was “called Death Valley"" https://t.co/7UBRqwHBom",Washington Bureau,2020-01-24 16:31:05,Politics
nytpolitics,The Trump administration is granting its visa officers abroad more power to block pregnant women from visiting the U.S. if applicants are believed to be traveling to give birth https://t.co/XsneHFybr1,Washington Bureau,2020-01-24 16:01:08,Politics
nytpolitics,"When it comes to women in politics — and specifically, women in the presidency — often lurking behind language are unconscious assumptions about women in power, @jessicabennett writes https://t.co/lOTbtvW5Vc",Washington Bureau,2020-01-24 15:31:05,Politics
nytpolitics,"Entering their final day of formal arguments, House impeachment managers are poised to bring to a close the case against President Trump that they have been assembling since Wednesday https://t.co/kDbE34Mpad",Washington Bureau,2020-01-24 15:01:05,Politics
nytpolitics,"Stepping back to the Senate lectern around 10 p.m. to deliver one final argument for the day, Adam Schiff jolted a sleepy Senate to attention as he argued more explicitly than ever before for President Trump’s removal from office https://t.co/mKzUl2ILLd",Washington Bureau,2020-01-24 14:25:26,Politics
nytpolitics,"A trade truce may have eased tensions between the U.S. and China, but European and Latin American officials are worried it will come at a cost https://t.co/x42H99EGyu",Washington Bureau,2020-01-24 13:32:07,Politics
nytpolitics,"One caucus precinct leader for Pete Buttigieg in Iowa said canvassing his neighborhood was like herding cats. “A lot of them will say, ‘I support Pete,’ and I’ll come back around the next time and there’ll be a Biden sign in their yard."" https://t.co/Vpd7Deys9a",Washington Bureau,2020-01-24 13:02:06,Politics
nytpolitics,"Taking photos and other footage of the space is not allowed, so The New York Times sent a graphics editor to draw it https://t.co/7pTeAKObeh",Washington Bureau,2020-01-24 12:32:07,Politics
nytpolitics,"A day after President Trump suggested he was open to cutting entitlement programs in a second term, he insisted he would protect Social Security https://t.co/argYlKylh6",Washington Bureau,2020-01-24 04:02:02,Politics
nytpolitics,"Barred so far from presenting witnesses, the House managers prosecuting President Trump have focused on turning his own words against him https://t.co/Ahb3jPqv0V",Washington Bureau,2020-01-24 03:32:01,Politics
nytpolitics,"In their opening arguments Thursday, the House impeachment managers sought to undercut the central elements of President Trump’s defense, wading into a detailed defense of Joe Biden https://t.co/FrD2b8qRT3",Washington Bureau,2020-01-24 03:02:05,Politics
nytpolitics,"Required to sit through the trial in silence and without their phones, senators have grown increasingly comfortable testing those rules as the impeachment trial wears on https://t.co/LrS0TmTesG",Washington Bureau,2020-01-24 02:31:43,Politics
nytpolitics,"Kamala Harris is weighing an endorsement of Joe Biden, a move that could enhance her chances of becoming vice president but could also anger liberals in California https://t.co/X9ZDIMDUWC",Washington Bureau,2020-01-24 02:01:04,Politics
nytpolitics,"President Trump's advisers have urged him not to pay attention to the low-polling Democratic presidential candidate. But as Michael Bloomberg poured cash into attack ads, he became harder to ignore. https://t.co/4xjT3Y2Ocp",Washington Bureau,2020-01-24 01:30:05,Politics
nytpolitics,The contrasting amount of material the two impeachment legal teams brought into the Senate chamber to support their initial arguments foreshadowed a broader difference in their approaches to the trial https://t.co/5csvHCDYyu,Washington Bureau,2020-01-24 01:00:08,Politics
nytpolitics,An investigation by The Times and ProPublica shows that the FBI continued to investigate a Saudi role in the 9/11 attacks years after the U.S. dismissed any links. Here are the main findings https://t.co/vVujpTwVCa,Washington Bureau,2020-01-24 00:30:09,Politics
nytpolitics,"“Andrew’s personality is like a tuning fork realigning us with something we need to retrieve, taking us back to a more innocent time, making us remember to chuckle,” Marianne Williamson said https://t.co/t6WBEso4tZ",Washington Bureau,2020-01-24 00:00:04,Politics
nytpolitics,"Valerie Plame, the former CIA agent who was outed under the Bush administration, is running for Congress in New Mexico. In her campaign, she's fighting back against perceptions that she's an outsider. https://t.co/juO44aGSxH",Washington Bureau,2020-01-23 23:30:14,Politics
nytpolitics,"Michael Bloomberg’s presidential campaign has aroused the passions of Democratic voters. Unfortunately for Bloomberg, those passions are largely negative ones. https://t.co/08ut3ihdgh",Washington Bureau,2020-01-23 23:00:27,Politics
nytpolitics,"Joe Biden has been confronted on the campaign trail with questions, attacks and misinformation about the overseas business dealings of his son, Hunter. Biden has mostly kept his cool — but not always. https://t.co/9p6WNx1cca",Washington Bureau,2020-01-23 22:19:08,Politics
nytpolitics,"Speaker Nancy Pelosi’s role in the impeachment of President Trump may be formally over, but by her own design, the matter is not out of her hands https://t.co/69trg2qDOA",Washington Bureau,2020-01-23 21:49:08,Politics
nytpolitics,The 7 House impeachment managers resumed oral arguments on Thursday and started to build out their legal case that President Trump abused the power of his office. Follow along with live updates. https://t.co/LGiDPOpt8L,Washington Bureau,2020-01-23 21:20:04,Politics
nytpolitics,"President Trump plans to address an annual rally of anti-abortion demonstrators in Washington on Friday, in what would be the first appearance by a sitting president at the March for Life https://t.co/wooWGXB7p1",Washington Bureau,2020-01-23 20:26:09,Politics
nytpolitics,"Mike Pence invited Prime Minister Benjamin Netanyahu of Israel and his chief political rival, Benny Gantz, to the White House to discuss the administration’s plan for Middle East peace https://t.co/bcZiaJMiN4",Washington Bureau,2020-01-23 19:56:09,Politics
nytpolitics,"Ivanka Trump was presented in Davos as a principal second only to her father, even as she traveled as part of a delegation that included all of President Trump’s most important economic advisers https://t.co/hfr9Gf0LY9",Washington Bureau,2020-01-23 19:26:09,Politics
nytpolitics,"Jim Lehrer, the retired PBS anchorman who for 36 years provided a substantive alternative to network evening news programs, has died https://t.co/syuJuqWBa9",Washington Bureau,2020-01-23 18:56:39,Politics
nytpolitics,The House impeachment managers resumed their opening arguments in their case against President Trump. Follow our live coverage. https://t.co/cd1rmz6ZM5,Washington Bureau,2020-01-23 18:25:04,Politics
nytpolitics,"President Trump suggested he would be willing to consider cuts to social safety-net programs to reduce the federal deficit if he wins a second term, an apparent shift from a 2016 campaign promise https://t.co/JyrqVFDhJu",Washington Bureau,2020-01-23 17:11:10,Politics
nytpolitics,"President Trump announced he would make a speech on Friday at the March for Life, an annual rally of anti-abortion demonstrators. No president has personally attended the march in its 47-year history. https://t.co/qi3voKtFaZ",Washington Bureau,2020-01-23 16:41:09,Politics
nytpolitics,A joint investigation by The New York Times Magazine and ProPublica shows that FBI agents investigated Saudi connections to the 9/11 attacks for more than a decade after high-level officials discounted any government links https://t.co/O84R452Ew3,Washington Bureau,2020-01-23 16:11:04,Politics
nytpolitics,President Trump lashed out at Democrats over their impeachment efforts on his first morning back in Washington since his trial in the Senate began hearing the arguments against him https://t.co/iogKftuAp4,Washington Bureau,2020-01-23 15:41:04,Politics
nytpolitics,"Today, the 7 House impeachment managers will continue delivering their opening arguments, building on the case against President Trump. Here's what to watch for. https://t.co/xRnS6FTbzZ",Washington Bureau,2020-01-23 15:11:10,Politics
nytpolitics,"Privately, some American officials acknowledge that the administration has gotten nowhere in negotiations, and that there is no sign that North Korea will give up its nuclear weapons https://t.co/II2TOV0chy",Washington Bureau,2020-01-23 14:41:06,Politics
nytpolitics,"Treasury Secretary Steven Mnuchin dismissed criticisms by the climate activist Greta Thunberg, saying that she lacked the expertise to call for a complete divestment from the fossil fuel industry https://t.co/MxkWe2gn5a",Washington Bureau,2020-01-23 14:11:10,Politics
nytpolitics,"An architect of the CIA interrogation program testified that he wanted to stop torturing a captive who was cooperating and divulging Qaeda secrets. But to get his superiors to let him stop, he had them stand in the cell and watch. https://t.co/fQzUjmWyp7",Washington Bureau,2020-01-23 13:42:05,Politics
nytpolitics,"3 candidates who have a shot at breakout performances in Iowa are suddenly stuck at the Senate impeachment trial in Washington, while their rivals have the campaign trail largely to themselves https://t.co/2pTN2UnfyV",Washington Bureau,2020-01-23 13:11:30,Politics
nytpolitics,"If Bernie Sanders wins the early states, he will not face the obstacles that made him it all but impossible for him to win the nomination in 2016 https://t.co/O0ookBRyOX",Washington Bureau,2020-01-23 02:35:04,Politics
nytpolitics,"Adam Schiff, the lead House prosecutor, accused President Trump of a “corrupt scheme” to pressure Ukraine for help “to cheat” in the election https://t.co/9guoEH3GaN",Washington Bureau,2020-01-23 01:59:08,Politics
nytpolitics,"The impeachment trial diet consists of milk, water and candy, the only food allowed onto the Senate floor under the chamber’s staid rules, which don’t allow coffee, either. “The candy desk is bipartisan,"" a spokesman said. https://t.co/avCV5i2Uj0",Washington Bureau,2020-01-23 01:29:04,Politics
nytpolitics,"As he was leaving the World Economic Forum in Davos, President Trump said he would prefer a long impeachment trial with witness testimony before the Senate, but that national security concerns made that impossible https://t.co/mcEIFJfIS7",Washington Bureau,2020-01-23 00:59:10,Politics
nytpolitics,"While their rivals are sprinting around Iowa, Elizabeth Warren, Bernie Sanders, Amy Klobuchar and Michael Bennet are in their Senate seats, unable to see or be seen by hundreds of voters they'd normally be courting https://t.co/L1hH3IDz6U",Washington Bureau,2020-01-23 00:07:43,Politics
nytpolitics,"President Trump dismissed the concussion symptoms that American troops reported earlier this month following Iranian airstrikes in Iraq as ""not very serious."" “I heard they had headaches,"" he said. https://t.co/Ph8vVapUYy",Washington Bureau,2020-01-22 23:01:09,Politics
nytpolitics,The impeachment trial takes place not just in the Senate but in TV news studios and social-media feeds. And it began well before Tuesday. https://t.co/z8WNQFFo1D,Washington Bureau,2020-01-22 22:31:06,Politics
nytpolitics,The attorney general for the District of Columbia said in a civil suit that President Trump’s inaugural committee overpaid to rent space in the Trump hotel in Washington https://t.co/e4wgj6yPe0,Washington Bureau,2020-01-22 22:01:12,Politics
nytpolitics,"After a break, the impeachment trial of President Trump resumed in the Senate. Watch live and follow along with analysis from our journalists: https://t.co/KkKFU3BLHB",Washington Bureau,2020-01-22 21:32:09,Politics
nytpolitics,"President Trump suggested he would be willing to consider cuts to social safety-net programs to reduce the federal deficit if he wins a second term, an apparent shift from a 2016 campaign promise https://t.co/nZXd4OfknD",Washington Bureau,2020-01-22 21:12:09,Politics
nytpolitics,The White House passed up a chance to force a vote to dismiss the impeachment charges against President Trump before arguments get underway on Wednesday. Follow along for live updates: https://t.co/gVo9VyI6Ga,Washington Bureau,2020-01-22 20:44:07,Politics
nytpolitics,"The trial could be over in two weeks, or it could stretch on much longer, depending on how much time is used by each side and how much additional evidence — if any — senators vote to review https://t.co/qxxrjVYzpm",Washington Bureau,2020-01-22 20:14:05,Politics
nytpolitics,"The same morning President Trump had his fateful call with Ukraine’s president, White House officials were working behind the scenes to impose the military aid freeze, emails released on Tuesday show https://t.co/2pmYi5ZBjQ",Washington Bureau,2020-01-22 19:46:06,Politics
nytpolitics,"During an unplanned news conference in Davos, President Trump took a break from talking about the economy and lashed out at Democrats back home for impeaching him https://t.co/r4QBOFZowp",Washington Bureau,2020-01-22 19:18:08,Politics
nytpolitics,Follow the opening arguments in President Trump's impeachment trial with live analysis from our journalists: https://t.co/eNfUf9zg4w,Washington Bureau,2020-01-22 18:52:08,Politics
nytpolitics,"A new national poll shows Bernie Sanders with a narrow lead over Joe Biden for the first time in the Democratic presidential primary, while a different poll released on Wednesday showed Biden still in front https://t.co/nIKl9fEN0Y",Washington Bureau,2020-01-22 18:20:12,Politics
nytpolitics,"Representative Adam Schiff, the lead House impeachment manager, is opening oral arguments against President Trump in the Senate. Follow along with live video and updates: https://t.co/ftdNaOyMBA",Washington Bureau,2020-01-22 18:12:07,Politics
nytpolitics,Seven House Democrats will serve as managers of the impeachment trial in the Senate. Here is a look at the legislators who will prosecute President Trump. https://t.co/dRixQJt5wh,Washington Bureau,2020-01-22 17:50:06,Politics
nytpolitics,"A day after they seemed to have brokered a truce, Joe Biden released a video criticizing “Bernie’s negative attacks” and Bernie Sanders responded with one blasting his rival’s record on Social Security https://t.co/xaSzqAXPa3",Washington Bureau,2020-01-22 17:20:05,Politics
nytpolitics,"With some of his top rivals tied up in the Senate impeachment trial, Pete Buttigieg is making his final push in Iowa, trying to channel Barack Obama and counting on his ground organization https://t.co/KKM8yx9sJJ",Washington Bureau,2020-01-22 16:50:03,Politics
nytpolitics,A new national poll shows Bernie Sanders with a narrow lead over Joe Biden in the 2020 Democratic primary https://t.co/FWSOYxJiwM,Washington Bureau,2020-01-22 16:20:02,Politics
nytpolitics,"For the extent of the impeachment trial of President Trump, the sketch artist Art Lien will be in the Capitol to capture moments that we might not see on television https://t.co/6KD4lJJ1tz",Washington Bureau,2020-01-22 15:50:07,Politics
nytpolitics,"A few Republican senators had a key role in determining the scope, and the likely future, of the trial of President Trump. Listen to today's episode of ""The Daily."" https://t.co/GSkqhGlZwm",Washington Bureau,2020-01-22 15:20:07,Politics
nytpolitics,"A brazen assault by the Shabab, an East African terrorist group, in Kenya, on Jan. 5 left three Americans dead. It also raised complex questions about the military’s mission in Africa. https://t.co/5Lcgj6zOgU",Washington Bureau,2020-01-22 14:50:08,Politics
nytpolitics,"The trade war is de-escalating, at least for now. But the economic damage it caused could be far from over. https://t.co/5jOvMRoG5a",Washington Bureau,2020-01-22 14:20:05,Politics
nytpolitics,"After a marathon debate about how to conduct the impeachment trial, the Senate will formally move into the oral arguments phase of the proceeding on Wednesday. Here's what to expect. https://t.co/ev5VXP3ZaW",Washington Bureau,2020-01-22 13:20:05,Politics
nytpolitics,"White House lawyers are preparing contingencies for the possibility that witnesses are allowed at the impeachment trial and that John Bolton, the former national security adviser, will be called https://t.co/PZLxC0VSwV",Washington Bureau,2020-01-22 12:45:04,Politics
nytpolitics,"House impeachment managers pleaded with senators to reject proposed rules from Mitch McConnell that would delay a debate over witnesses and documents until the middle of the trial, with no guarantee that they would ever be called https://t.co/DqPSoKyvDz",Washington Bureau,2020-01-22 12:15:05,Politics
nytpolitics,"With no end in sight for the debate over amendments, senators appeared to be growing more frustrated with the limitations of the trial https://t.co/6oYUJoNYTa",Washington Bureau,2020-01-22 04:40:09,Politics
nytpolitics,"With the race in Iowa incredibly fluid, the impeachment trial has become a scheduling speed bump for the four senators currently running for the Democratic nomination https://t.co/IlsD4kf3dx",Washington Bureau,2020-01-22 03:05:07,Politics
nytpolitics,"In a memo for the Trump team during the Russia investigation, Attorney General William Barr wrote that presidents who misuse their authority are subject to impeachment https://t.co/xn59J4rklX",Washington Bureau,2020-01-22 02:35:06,Politics
nytpolitics,"Democrats’ bid to subpoena Mick Mulvaney, the acting chief of staff, to testify in the impeachment trial was blocked. But he may be summoned later. https://t.co/uN4v3nPhyw",Washington Bureau,2020-01-22 02:34:51,Politics
nytpolitics,"House impeachment managers pleaded with senators to reject proposed rules from Mitch McConnell that would delay a debate over witnesses and documents until the middle of the trial, with no guarantee that they would ever be called https://t.co/WGUAu8SBEI",Washington Bureau,2020-01-22 02:00:11,Politics
nytpolitics,"The Trump administration plans to introduce an updated version of a travel ban, expanding the list to include countries the White House has suggested have fallen out of compliance with U.S. security measures https://t.co/Lo4YQfWZJQ",Washington Bureau,2020-01-22 01:25:04,Politics
nytpolitics,"The 2020 census is set to begin in remote Toksook Bay, Alaska, where officials hope to demonstrate that they can overcome language barriers, isolation and distrust of government to avoid undercounts in Indigenous communities https://t.co/E0ezWtCT2s",Washington Bureau,2020-01-22 00:50:07,Politics
nytpolitics,"The Senate blocked a Democratic attempt to subpoena State Department documents, emails and other correspondence for President Trump’s impeachment trial. Follow along for live updates: https://t.co/DwVgF6uoTN",Washington Bureau,2020-01-22 00:33:51,Politics
nytpolitics,The Supreme Court will hear arguments Wednesday on whether government support for religious schools supports or violates freedom of religion https://t.co/YzQT0FzX2X,Washington Bureau,2020-01-22 00:20:05,Politics
nytpolitics,"Bernie Sanders is for all intents and purposes his own speechwriter, according to David Sirota, who works for Mr. Sanders. “I’m a ‘speech researcher,’” he said. “Nobody tells Bernie Sanders what to say.” And often the message has to do with the media. https://t.co/M7CYmMwY15",Washington Bureau,2020-01-21 23:44:07,Politics
nytpolitics,"White House lawyers are preparing contingencies for the possibility that witnesses are allowed at the impeachment trial and that John Bolton, the former national security adviser, will be called https://t.co/qSwvnEUnuZ",Washington Bureau,2020-01-21 23:16:06,Politics
nytpolitics,Bernie Sanders apologized to Joe Biden after a Sanders campaign surrogate wrote an opinion article accusing the former vice president of having “a big corruption problem” https://t.co/utHFxP3IB6,Washington Bureau,2020-01-21 22:46:03,Politics
nytpolitics,"In Davos, President Trump may have found the right audience for support to counter the impeachment trial that is dominating the news at home https://t.co/lKbts2v94W",Washington Bureau,2020-01-21 22:16:04,Politics
nytpolitics,"The White House issued a statement defending Pat Cipollone, the president's counsel, after Democrats suggested he was involved in the very inquiry for which he is serving as President Trump’s top lawyer https://t.co/qFt1I2lJhc",Washington Bureau,2020-01-21 21:46:02,Politics
nytpolitics,"In a party-line vote, the Senate blocked Democrats’ bid to subpoena documents for the impeachment trial that the White House has refused to release https://t.co/g0F5O4CcD1",Washington Bureau,2020-01-21 21:43:10,Politics
nytpolitics,Regular viewers of Senate proceedings will likely notice something very odd when impeachment trial debate begins: Senators will not be doing the debating themselves https://t.co/JXDyKn6zkg,Washington Bureau,2020-01-21 21:16:05,Politics
nytpolitics,"As the Senate opened Tuesday, Mitch McConnell warned senators that they should be prepared to stay as long as possible to enact a resolution setting the parameters for the trial—a not-so-veiled threat to stay into the wee hours https://t.co/xpp2rlJPYv",Washington Bureau,2020-01-21 20:48:03,Politics
nytpolitics,"News Analysis: The impeachment defense put forward by President Trump’s lawyers includes an argument that's widely disputed, @Charlie_savage writes, but it's also politically convenient https://t.co/UTHUpwaVwo",Washington Bureau,2020-01-21 20:14:03,Politics
nytpolitics,"An architect of the “enhanced interrogation” program was called as a witness at Guantánamo, facing 5 men on whom the torture tactics were used  https://t.co/HbqaSx3ueU",Washington Bureau,2020-01-21 19:48:04,Politics
nytpolitics,Republicans proposed last-minute changes to the impeachment trial rules after Senator Susan Collins and other GOP moderates insisted https://t.co/0Sx31a7JLI,Washington Bureau,2020-01-21 19:23:27,Politics
nytpolitics,President Trump’s impeachment trial began with an intense partisan debate over the rules for the proceedings. Here are the key highlights so far. https://t.co/fyl3Z6ZPJo,Washington Bureau,2020-01-21 19:03:09,Politics
nytpolitics,"President Trump’s historic impeachment trial has begun in earnest, starting with a fight over the rules governing the trial. Follow along with live video and updates. https://t.co/g2SNBevDOI",Washington Bureau,2020-01-21 18:31:42,Politics
nytpolitics,"Senator Mitt Romney, one of the few Republicans to say he would be open to a vote on whether to call witnesses in the impeachment trial, said he would not support those efforts until after opening arguments are complete, which could be next week https://t.co/eLzt4dMYem",Washington Bureau,2020-01-21 18:25:08,Politics
nytpolitics,"At the opening of only the third Senate impeachment trial in U.S. history, we ask: What can the last trial teach us about this one? Listen to today's episode of ""The Daily"" with Chief White House Correspondent @peterbakernyt https://t.co/5Bkhzxyuv9",Washington Bureau,2020-01-21 18:05:08,Politics
nytpolitics,"Joe Biden maintains a strong lead among black voters over all, but Bernie Sanders has stronger support from younger black voters, and the overall gap between them has tightened in some polls. “He’s way behind me,” Mr. Biden insisted on Monday.  https://t.co/1JoepNxcd0",Washington Bureau,2020-01-21 17:35:06,Politics
nytpolitics,"“What was good enough for President Clinton in an impeachment trial should have been good enough for President Trump,” Senator Mitch McConnell previously said. But his proposed rules are meaningfully different from the rules that governed Clinton’s trial. https://t.co/p54lYBQ4xr",Washington Bureau,2020-01-21 17:05:09,Politics
nytpolitics,"Lev Parnas wants a special prosecutor to oversee his criminal case, saying Attorney General William Barr has too many conflicts of interest https://t.co/IBpClaTX86",Washington Bureau,2020-01-21 16:35:05,Politics
nytpolitics,News Analysis: President Trump's legal case would negate any need for witnesses. But constitutional scholars say that it’s wrong. https://t.co/QxlCLCN2mN,Washington Bureau,2020-01-21 16:05:06,Politics
nytpolitics,"As his impeachment trial begins, President Trump is in Davos driving a competing narrative — one that has nothing to do with pressure on Ukraine, abuse of power or obstruction of Congress https://t.co/4yFBLd9hvG",Washington Bureau,2020-01-21 15:35:01,Politics
nytpolitics,"Senators will have to give up their cellphones and speeches, and sit silently at their desks for the duration of President Trump's impeachment trial https://t.co/YgUrsp6mu9",Washington Bureau,2020-01-21 14:44:03,Politics
nytpolitics,"Hillary Clinton criticized Bernie Sanders in a documentary, saying ""nobody likes him, nobody wants to work with him, he got nothing done,"" and declining to commit to supporting him if he is the Democratic nominee https://t.co/Mh9N8a42k3",Washington Bureau,2020-01-21 14:14:51,Politics
nytpolitics,President Trump's impeachment trial starts in earnest today with a contentious debate over its rules. Here's what to expect. https://t.co/TM4zI3CFAC,Washington Bureau,2020-01-21 13:27:12,Politics
nytpolitics,"Global politics, big money, big tech and the intricacies of Canadian law will come together Monday when the extradition hearing of Meng Wanzhou, the chief financial officer of the Chinese telecommunications giant Huawei, begins in a Vancouver courtroom https://t.co/1rThGNaAM9",Washington Bureau,2020-01-21 12:30:08,Politics
